UNIT_ID,MODEL_NUMBER,SERIAL_NUMBER,MANUFACTURER,BUILDING,FLOOR,ROW,ROOM,COOLING_CAPACITY,AIRFLOW,WATER_FLOW,POWER_SUPPLY,AMPERAGE,CIRCUIT_NUMBER,BREAKER_RATING,INSTALLATION_DATE,MAINTENANCE_SCHEDULE,PPE_REQUIRED,EMERGENCY_CONTACT
CRAH-001,AHU-5000,SN123456,Carrier,Building-A,1,Row-01,CR-01,50,20000,100,480,25,CR-01-01,30,2023-01-15,Monthly,Safety glasses and work gloves,John Smith (555-0101)
CRAH-002,AHU-5000,SN123457,Carrier,Building-A,1,Row-01,CR-02,50,20000,100,480,25,CR-01-02,30,2023-01-15,Monthly,Safety glasses and work gloves,John Smith (555-0101)
CRAH-003,AHU-5000,SN123458,Carrier,Building-A,1,Row-02,CR-03,50,20000,100,480,25,CR-02-01,30,2023-01-15,Monthly,Safety glasses and work gloves,John Smith (555-0101)
CRAH-004,AHU-5000,SN123459,Carrier,Building-A,1,Row-02,CR-04,50,20000,100,480,25,CR-02-02,30,2023-01-15,Monthly,Safety glasses and work gloves,John Smith (555-0101)
CRAH-005,AHU-5000,SN123460,Carrier,Building-A,2,Row-01,CR-05,50,20000,100,480,25,CR-03-01,30,2023-01-15,Monthly,Safety glasses and work gloves,John Smith (555-0101)
UPS-001,UPS-5000,SN789012,APC,Building-A,1,Row-01,ER-01,5000,480,480,50,ER-01-01,60,2023-01-20,Quarterly,Arc flash suit and safety glasses,Mike Johnson (555-0102)
UPS-002,UPS-5000,SN789013,APC,Building-A,1,Row-01,ER-02,5000,480,480,50,ER-01-02,60,2023-01-20,Quarterly,Arc flash suit and safety glasses,Mike Johnson (555-0102)
UPS-003,UPS-5000,SN789014,APC,Building-A,1,Row-02,ER-03,5000,480,480,50,ER-02-01,60,2023-01-20,Quarterly,Arc flash suit and safety glasses,Mike Johnson (555-0102)
PDU-001,PDU-30A,SN345678,ServerTech,Building-A,1,Row-01,Rack-01,30,480,480,30,PD-01-01,40,2023-01-25,Monthly,Safety glasses and work gloves,Sarah Wilson (555-0103)
PDU-002,PDU-30A,SN345679,ServerTech,Building-A,1,Row-01,Rack-02,30,480,480,30,PD-01-02,40,2023-01-25,Monthly,Safety glasses and work gloves,Sarah Wilson (555-0103)
PDU-003,PDU-30A,SN345680,ServerTech,Building-A,1,Row-01,Rack-03,30,480,480,30,PD-01-03,40,2023-01-25,Monthly,Safety glasses and work gloves,Sarah Wilson (555-0103)
PDU-004,PDU-30A,SN345681,ServerTech,Building-A,1,Row-01,Rack-04,30,480,480,30,PD-01-04,40,2023-01-25,Monthly,Safety glasses and work gloves,Sarah Wilson (555-0103)
PDU-005,PDU-30A,SN345682,ServerTech,Building-A,1,Row-01,Rack-05,30,480,480,30,PD-01-05,40,2023-01-25,Monthly,Safety glasses and work gloves,Sarah Wilson (555-0103)
CRAC-001,CRAC-3000,SN456789,Trane,Building-B,1,Row-01,CR-01,30,15000,0,480,20,CR-04-01,25,2023-02-01,Monthly,Safety glasses and work gloves,Tom Brown (555-0104)
CRAC-002,CRAC-3000,SN456790,Trane,Building-B,1,Row-01,CR-02,30,15000,0,480,20,CR-04-02,25,2023-02-01,Monthly,Safety glasses and work gloves,Tom Brown (555-0104)
CRAC-003,CRAC-3000,SN456791,Trane,Building-B,1,Row-02,CR-03,30,15000,0,480,20,CR-05-01,25,2023-02-01,Monthly,Safety glasses and work gloves,Tom Brown (555-0104)
CRAC-004,CRAC-3000,SN456792,Trane,Building-B,1,Row-02,CR-04,30,15000,0,480,20,CR-05-02,25,2023-02-01,Monthly,Safety glasses and work gloves,Tom Brown (555-0104)
CRAC-005,CRAC-3000,SN456793,Trane,Building-B,2,Row-01,CR-05,30,15000,0,480,20,CR-06-01,25,2023-02-01,Monthly,Safety glasses and work gloves,Tom Brown (555-0104)
